{
  "source_file": "v1_source.mp4",
  "format": {
    "resolution": {
      "w": 1920,
      "h": 1080
    },
    "framerate": 59.94,
    "duration_s": 91.996,
    "codec": "h264",
    "container": "mov,mp4,m4a,3gp,3g2,mj2",
    "pix_fmt": "yuv420p",
    "aspect_ratio": "16:9",
    "bitrate_bps": 2038402,
    "nb_frames": 5513
  },
  "visual": {
    "shot_boundaries_s": [
      0.0,
      4.5045,
      6.339666,
      8.425083,
      11.594916,
      13.513499,
      15.031683,
      16.199516,
      17.450766,
      19.152466,
      21.654966,
      24.290932,
      25.125099,
      26.926899,
      28.378349,
      30.714015,
      33.016315,
      35.101731,
      35.935898,
      39.105731,
      41.741698,
      43.660281,
      47.781064,
      48.998947,
      54.92153,
      58.057997,
      59.77638,
      60.143414,
      60.97758,
      61.22783,
      63.563497,
      65.865797,
      68.668596,
      71.755013,
      75.542129,
      76.342929,
      77.093679,
      77.343929,
      78.928846,
      82.348929,
      88.588495,
      91.891795
    ],
    "sharpness_range": [
      1.09,
      58.66
    ],
    "luminance_range": [
      0.04,
      250.75
    ],
    "motion_range": [
      0.0,
      7.41
    ]
  },
  "narrative": {
    "scene_count": 42,
    "scene_list": [
      {
        "index": 0,
        "start_s": 0.0,
        "end_s": 4.5045,
        "duration_s": 4.5045,
        "sharpness": 13.18,
        "luminance": 31.39,
        "motion": 3.392,
        "mean_rgb": [
          39.23,
          28.79,
          23.97
        ],
        "phash": "f2e3e7702040d0c3"
      },
      {
        "index": 1,
        "start_s": 4.5045,
        "end_s": 6.339666,
        "duration_s": 1.835166,
        "sharpness": 20.81,
        "luminance": 35.53,
        "motion": 3.215,
        "mean_rgb": [
          44.64,
          31.69,
          30.94
        ],
        "phash": "0c0e4e0e8cc4ac14"
      },
      {
        "index": 2,
        "start_s": 6.339666,
        "end_s": 8.425083,
        "duration_s": 2.085417,
        "sharpness": 15.58,
        "luminance": 58.34,
        "motion": 4.183,
        "mean_rgb": [
          78.39,
          52.83,
          34.09
        ],
        "phash": "f5fe47422b018c84"
      },
      {
        "index": 3,
        "start_s": 8.425083,
        "end_s": 11.594916,
        "duration_s": 3.169833,
        "sharpness": 8.13,
        "luminance": 38.19,
        "motion": 2.69,
        "mean_rgb": [
          47.34,
          35.02,
          29.88
        ],
        "phash": "373d761625f7a781"
      },
      {
        "index": 4,
        "start_s": 11.594916,
        "end_s": 13.513499,
        "duration_s": 1.918583,
        "sharpness": 10.57,
        "luminance": 33.33,
        "motion": 2.901,
        "mean_rgb": [
          41.4,
          29.97,
          29.31
        ],
        "phash": "0b1f0b0c08080c00"
      },
      {
        "index": 5,
        "start_s": 13.513499,
        "end_s": 15.031683,
        "duration_s": 1.518184,
        "sharpness": 5.2,
        "luminance": 39.66,
        "motion": 2.959,
        "mean_rgb": [
          48.68,
          36.57,
          31.43
        ],
        "phash": "1c162636361e6e70"
      },
      {
        "index": 6,
        "start_s": 15.031683,
        "end_s": 16.199516,
        "duration_s": 1.167833,
        "sharpness": 9.6,
        "luminance": 30.1,
        "motion": 0.244,
        "mean_rgb": [
          38.26,
          26.95,
          24.65
        ],
        "phash": "2e2e634244c04828"
      },
      {
        "index": 7,
        "start_s": 16.199516,
        "end_s": 17.450766,
        "duration_s": 1.25125,
        "sharpness": 9.06,
        "luminance": 21.03,
        "motion": 1.535,
        "mean_rgb": [
          28.01,
          17.8,
          19.24
        ],
        "phash": "1810101814332f8f"
      },
      {
        "index": 8,
        "start_s": 17.450766,
        "end_s": 19.152466,
        "duration_s": 1.7017,
        "sharpness": 5.32,
        "luminance": 36.87,
        "motion": 2.206,
        "mean_rgb": [
          45.41,
          34.02,
          28.62
        ],
        "phash": "0c2436263e3eb4f0"
      },
      {
        "index": 9,
        "start_s": 19.152466,
        "end_s": 21.654966,
        "duration_s": 2.5025,
        "sharpness": 11.61,
        "luminance": 28.32,
        "motion": 0.468,
        "mean_rgb": [
          37.31,
          24.99,
          21.49
        ],
        "phash": "262706cac0c4683c"
      },
      {
        "index": 10,
        "start_s": 21.654966,
        "end_s": 24.290932,
        "duration_s": 2.635966,
        "sharpness": 5.84,
        "luminance": 35.89,
        "motion": 1.153,
        "mean_rgb": [
          44.18,
          33.09,
          28.15
        ],
        "phash": "1e32323b2f2e7670"
      },
      {
        "index": 11,
        "start_s": 24.290932,
        "end_s": 25.125099,
        "duration_s": 0.834167,
        "sharpness": 9.69,
        "luminance": 20.3,
        "motion": 0.17,
        "mean_rgb": [
          28.05,
          16.82,
          17.32
        ],
        "phash": "1c1d1c1c1058002c"
      },
      {
        "index": 12,
        "start_s": 25.125099,
        "end_s": 26.926899,
        "duration_s": 1.8018,
        "sharpness": 4.76,
        "luminance": 30.55,
        "motion": 3.179,
        "mean_rgb": [
          40.52,
          26.54,
          24.69
        ],
        "phash": "000003673e1c9c10"
      },
      {
        "index": 13,
        "start_s": 26.926899,
        "end_s": 28.378349,
        "duration_s": 1.45145,
        "sharpness": 18.11,
        "luminance": 36.21,
        "motion": 2.521,
        "mean_rgb": [
          46.11,
          32.78,
          27.43
        ],
        "phash": "00e212d2d2909a0a"
      },
      {
        "index": 14,
        "start_s": 28.378349,
        "end_s": 30.714015,
        "duration_s": 2.335666,
        "sharpness": 6.5,
        "luminance": 30.95,
        "motion": 5.244,
        "mean_rgb": [
          39.71,
          27.54,
          25.09
        ],
        "phash": "0008044c59781cf8"
      },
      {
        "index": 15,
        "start_s": 30.714015,
        "end_s": 33.016315,
        "duration_s": 2.3023,
        "sharpness": 11.64,
        "luminance": 18.89,
        "motion": 0.945,
        "mean_rgb": [
          25.28,
          16.39,
          14.98
        ],
        "phash": "040c6e0c10180000"
      },
      {
        "index": 16,
        "start_s": 33.016315,
        "end_s": 35.101731,
        "duration_s": 2.085416,
        "sharpness": 5.26,
        "luminance": 29.9,
        "motion": 2.096,
        "mean_rgb": [
          37.83,
          27.16,
          22.73
        ],
        "phash": "0000507078b29130"
      },
      {
        "index": 17,
        "start_s": 35.101731,
        "end_s": 35.935898,
        "duration_s": 0.834167,
        "sharpness": 7.48,
        "luminance": 20.58,
        "motion": 1.659,
        "mean_rgb": [
          28.34,
          17.18,
          17.58
        ],
        "phash": "08002031302c362e"
      },
      {
        "index": 18,
        "start_s": 35.935898,
        "end_s": 39.105731,
        "duration_s": 3.169833,
        "sharpness": 13.11,
        "luminance": 15.0,
        "motion": 0.488,
        "mean_rgb": [
          22.49,
          12.3,
          8.63
        ],
        "phash": "3c3c381830101800"
      },
      {
        "index": 19,
        "start_s": 39.105731,
        "end_s": 41.741698,
        "duration_s": 2.635967,
        "sharpness": 4.94,
        "luminance": 36.12,
        "motion": 2.145,
        "mean_rgb": [
          45.53,
          32.65,
          28.75
        ],
        "phash": "0030181898c89cf8"
      },
      {
        "index": 20,
        "start_s": 41.741698,
        "end_s": 43.660281,
        "duration_s": 1.918583,
        "sharpness": 5.65,
        "luminance": 30.25,